{"stat.pickup.minecraft.log":4,"stat.flyOneCm":1197,"stat.walkOneCm":12266,"stat.jump":29,"stat.mineBlock.minecraft.leaves":3,"stat.playOneMinute":8117,"stat.useItem.minecraft.wooden_sword":8,"stat.leaveGame":1,"stat.sneakTime":49,"stat.useItem.minecraft.log":2,"stat.damageTaken":40,"stat.damageDealt":171,"stat.crouchOneCm":65,"stat.timeSinceDeath":8117,"stat.sprintOneCm":625,"stat.mobKills":1,"stat.useItem.minecraft.stone_slab2":1,"stat.mineBlock.minecraft.log":4,"stat.mineBlock.minecraft.tallgrass":1,"stat.pickup.minecraft.apple":1}