{"stat.walkOneCm":25278,"stat.useItem.minecraft.bread":2,"stat.craftItem.minecraft.planks":16,"stat.leaveGame":1,"stat.useItem.minecraft.log":1,"stat.pickup.minecraft.crafting_table":1,"stat.damageTaken":230,"stat.mineBlock.minecraft.crafting_table":1,"stat.craftItem.minecraft.crafting_table":2,"stat.mobKills":3,"stat.mineBlock.minecraft.log":11,"stat.pickup.minecraft.log":12,"stat.flyOneCm":19599,"stat.jump":187,"stat.mineBlock.minecraft.leaves":4,"stat.playOneMinute":9815,"stat.fallOneCm":3713,"stat.useItem.minecraft.wooden_sword":18,"stat.sneakTime":888,"stat.damageDealt":568,"stat.pickup.minecraft.porkchop":5,"stat.crouchOneCm":3185,"stat.killEntity.Zombie":2,"stat.timeSinceDeath":9815,"stat.useItem.minecraft.wooden_axe":6,"stat.mineBlock.minecraft.dirt":1,"stat.sprintOneCm":22702,"stat.useItem.minecraft.crafting_table":2,"stat.craftItem.minecraft.wooden_pickaxe":1,"stat.killEntity.Pig":2,"stat.mineBlock.minecraft.tallgrass":1,"stat.pickup.minecraft.apple":2,"stat.craftItem.minecraft.stick":4,"stat.craftItem.minecraft.wooden_axe":1,"stat.craftingTableInteraction":4}