{"stat.pickup.minecraft.log":9,"stat.flyOneCm":2650,"stat.walkOneCm":4787,"stat.jump":31,"stat.mineBlock.minecraft.leaves":2,"stat.useItem.minecraft.wooden_hoe":1,"stat.playOneMinute":5596,"stat.fallOneCm":478,"stat.craftItem.minecraft.planks":20,"stat.pickup.minecraft.stick":2,"stat.craftItem.minecraft.wooden_hoe":1,"stat.sneakTime":437,"stat.damageTaken":23,"stat.damageDealt":8,"stat.craftItem.minecraft.crafting_table":1,"stat.crouchOneCm":587,"stat.timeSinceDeath":5596,"stat.sprintOneCm":7165,"stat.mineBlock.minecraft.dirt":1,"stat.useItem.minecraft.stone_slab2":1,"stat.mineBlock.minecraft.log":8,"stat.craftItem.minecraft.stick":4,"stat.craftingTableInteraction":4}